id,fullname,hourly_rate,subject,level,preferred_learning_mode,special_needs,location,email,bio,precise_domain
1, Alice Nguyen ,45,Computer Science,phd,Both,"ADHD, Dyslexia","Vietnam, HCMC, Binh Thanh District",alice.nguyen.@exemple.com," Researcher working on CNN, backpropagation, Adam optimizer with focus on computer vision systems ",Artificial Intelligence
2, Bao Tran ,40,Computer Science,graduate,Offline,,"Vietnam, HCMC, District 7",bao.tran.@exemple.com," Fullstack engineer skilled in React, Node.js, REST API design and scalable microservices ",Web development
3, Clara Dupont ,50,Mathematics,phd,Offline,"ADHD, Dyslexia","Vietnam, HCMC, District 10",clara.dupont.@exemple.com," PhD student exploring topology, Lebesgue integration, Hilbert spaces and abstract algebra ",Basic Mathematics
4, David Le ,55,Physics,phd,Both,,"Japan, Tokyo, Shibuya",david.le.@exemple.com," Quantum researcher experienced in Schrödinger equation, wavefunction collapse, quantum entanglement ",Quantum Physics
5, Emma Martin ,60,Finance,graduate,Offline,Dyslexia,"France, Paris, 15e",emma.martin.@exemple.com," Analyst using Black-Scholes, Monte Carlo simulation, arbitrage strategies in derivatives pricing ",Market finance
6, Felix Hoang ,50,Computer Science,graduate,Both,Dyslexia,"Vietnam, HCMC, District 1",felix.hoang.@exemple.com," Data engineer handling ETL pipelines, Apache Spark, data warehousing for large-scale systems ",Data Engineering
7, Giang Pham ,35,Computer Science,graduate,Both,Dyslexia,"Vietnam, HCMC, Binh Thanh District",giang.pham.@exemple.com," Graduate student applying reinforcement learning, Q-learning, policy gradients to robotics problems ",Artificial Intelligence
8, Hugo Bernard ,42,Computer Science,graduate,Offline,"ADHD, Dyslexia","Vietnam, HCMC, HCMUT (Ly Thuong Kiet)",hugo.bernard.@exemple.com," Backend developer working with Django, PostgreSQL, GraphQL APIs in production environments ",Web development
9, Ines Leroy ,48,Mathematics,undergraduate,Online,Dyslexia,,ines.leroy.@exemple.com," Academic tutor focused on differential equations, Fourier analysis, eigenvalue problems ",Basic Mathematics
10, Jack Vu ,38,Physics,graduate,Offline,,"Vietnam, HCMC, Binh Thanh District",jack.vu.@exemple.com," Master's student studying quantum field theory, Dirac equation, particle spin interactions ",Quantum Physics
11, Kim Phan ,65,Finance,graduate,Both,Dyslexia,"USA, New York, Manhattan ",kim.phan.@exemple.com," Trader familiar with stochastic calculus, risk-neutral pricing, portfolio optimization ",Market finance
12, Linh Do ,52,Computer Science,graduate,Online,Autism,,linh.do.@exemple.com," Specialist in Kafka streaming, Hadoop ecosystem, data lake architecture for analytics ",Data Engineering
13, Marc Dubois ,47,Computer Science,graduate,Online,Autism,,marc.dubois.@exemple.com," Engineer building NLP systems with transformers, BERT models, tokenization pipelines ",Artificial Intelligence
14, Nhi Bui ,37,Computer Science,graduate,Offline,Dyslexia,"Vietnam, HCMC, HCMUT (Di An)",nhi.bui.@exemple.com," Frontend specialist using Vue.js, CSS Grid, Webpack for responsive UI development ",Web development
15, Olivier Petit ,55,Mathematics,phd,Online,Dyslexia,,olivier.petit.@exemple.com," Lecturer covering group theory, ring theory, combinatorics in rigorous frameworks ",Basic Mathematics
16, Paul Nguyen ,46,Physics,graduate,Online,Dyslexia,,paul.nguyen.@exemple.com," Research assistant working on quantum tunneling, Heisenberg uncertainty, quantum optics ",Quantum Physics
17, Quang Le ,58,Finance,graduate,Offline,"ADHD, Dyslexia","Vietnam, HCMC, Thu Duc City",quang.le.@exemple.com," Quant analyst implementing VBA models, option Greeks, volatility surfaces ",Market finance
18, Rina Sato ,49,Computer Science,undergraduate,Both,,"Vietnam, HCMC, District 1",rina.sato.@exemple.com," Data pipeline builder using Airflow, Snowflake, SQL optimization techniques ",Data Engineering
19, Sarah Nguyen ,44,Computer Science,graduate,Both,Autism,"Vietnam, HCMC, HCMUT (Ly Thuong Kiet)",sarah.nguyen.@exemple.com," Data scientist exploring GANs, convolutional layers, stochastic gradient descent ",Artificial Intelligence
20, Thomas Moreau ,43,Computer Science,graduate,Both,Dyslexia,"Vietnam, HCMC, District 3",thomas.moreau.@exemple.com," Fullstack developer experienced in Angular, TypeScript, RESTful services ",Web development
21, Uyen Tran ,30,Mathematics,undergraduate,Online,Dyslexia,,uyen.tran.@exemple.com," Student tutor explaining linear algebra, matrix decomposition, vector spaces clearly ",Basic Mathematics
22, Victor Hugo ,70,Physics,graduate,Both,Dyslexia,"Vietnam, HCMC, HCMUT (Ly Thuong Kiet)",victor.hugo.@exemple.com," Professor teaching quantum superposition, eigenstates, perturbation theory ",Quantum Physics
23, William Pham ,62,Finance,graduate,Offline,,"Vietnam, HCMC, Thu Duc City",william.pham.@exemple.com," Financial engineer using derivatives pricing, hedging strategies, yield curves ",Market finance
24, Xuan Dang ,51,Computer Science,graduate,Both,"ADHD, Dyslexia","Vietnam, HCMC, District 1",xuan.dang.@exemple.com," Engineer working with distributed systems, Spark SQL, data partitioning techniques ",Data Engineering
25, Yasmine Benali ,36,Computer Science,undergraduate,Offline,,"Vietnam, HCMC, District 10",yasmine.benali.@exemple.com," AI enthusiast experimenting with LSTM networks, sequence modeling, attention mechanisms ",Artificial Intelligence
26, Zachary Lim ,41,Computer Science,graduate,Offline,,"Vietnam, HCMC, District 7",zachary.lim.@exemple.com," Developer focusing on Express.js, MongoDB, API authentication with JWT ",Web development
27, Antoine Girard ,60,Mathematics,phd,Offline,"ADHD, Dyslexia","Vietnam, HCMC, District 7",antoine.girard.@exemple.com," Researcher in number theory, prime distributions, modular arithmetic ",Basic Mathematics
28, Binh Nguyen ,34,Physics,graduate,Offline,Autism,"Vietnam, HCMC, District 7",binh.nguyen.@exemple.com," Student explaining quantum measurement, wave-particle duality, eigenvalue operators ",Quantum Physics
29, Chloe Martin ,57,Finance,graduate,Both,"ADHD, Dyslexia","Vietnam, HCMC, HCMUT (Di An)",chloe.martin.@exemple.com," Analyst working with CAPM, beta estimation, financial econometrics ",Market finance
30, Duy Pham ,48,Computer Science,graduate,Online,,,duy.pham.@exemple.com," Backend data specialist handling ETL workflows, Redshift, schema design ",Data Engineering
31, Elise Morel ,52,Computer Science,undergraduate,Offline,"ADHD, Dyslexia","Vietnam, HCMC, Thu Duc City",elise.morel.@exemple.com," Doctoral candidate studying deep learning, dropout regularization, batch normalization ",Artificial Intelligence
32, Farid Khan ,44,Computer Science,graduate,Offline,"ADHD, Dyslexia","Vietnam, HCMC, HCMUT (Di An)",farid.khan.@exemple.com," Software engineer building SPAs with React Hooks, Redux, REST integration ",Web development
33, Guillaume Blanc ,39,Mathematics,undergraduate,Online,"ADHD, Dyslexia",,guillaume.blanc.@exemple.com," Tutor specializing in calculus, Taylor series, limits and continuity ",Basic Mathematics
34, Hanh Le ,53,Physics,phd,Online,"ADHD, Dyslexia",,hanh.le.@exemple.com," Researcher exploring quantum decoherence, density matrices, quantum computing basics ",Quantum Physics
35, Isabelle Laurent ,68,Finance,graduate,Online,,,isabelle.laurent.@exemple.com," Portfolio manager using asset allocation, Sharpe ratio, risk management models ",Market finance
36, Jason Tran ,50,Computer Science,graduate,Both,Autism,"Vietnam, HCMC, HCMUT (Di An)",jason.tran.@exemple.com," Engineer working on big data ingestion, Flink streaming, data consistency models ",Data Engineering
37, Khoa Vo ,46,Computer Science,graduate,Offline,,"Vietnam, HCMC, Thu Duc City",khoa.vo.@exemple.com," ML engineer deploying models with PyTorch, gradient descent, hyperparameter tuning ",Artificial Intelligence
38, Laura Petit ,38,Computer Science,graduate,Both,"ADHD, Dyslexia","Vietnam, HCMC, Binh Thanh District",laura.petit.@exemple.com," UI developer skilled in HTML5, Sass, responsive design principles ",Web development
39, Minh Pham ,42,Mathematics,graduate,Both,,"Vietnam, HCMC, District 10",minh.pham.@exemple.com," Graduate student covering probability theory, stochastic processes, Markov chains ",Basic Mathematics
40, Nathan Bui ,37,Physics,graduate,Online,,,nathan.bui.@exemple.com," Tutor explaining quantum harmonic oscillator, eigenfunctions, commutation relations ",Quantum Physics
41, Olivia Chen ,63,Finance,phd,Offline,"ADHD, Dyslexia","Vietnam, HCMC, Thu Duc City",olivia.chen.@exemple.com," Quant researcher using time series analysis, ARIMA models, volatility clustering ",Market finance
42, Phuc Dang ,55,Computer Science,undergraduate,Offline,Autism,"Vietnam, HCMC, District 1",phuc.dang.@exemple.com," Data architect designing pipelines with BigQuery, ELT processes, data governance ",Data Engineering
43, Quentin Leroy ,43,Computer Science,graduate,Both,"ADHD, Dyslexia","Vietnam, HCMC, HCMUT (Ly Thuong Kiet)",quentin.leroy.@exemple.com," AI practitioner using SVM, kernel methods, feature engineering techniques ",Artificial Intelligence
44, Romain Chevalier ,47,Computer Science,graduate,Online,"ADHD, Dyslexia",,romain.chevalier.@exemple.com," Backend expert with Spring Boot, Java, microservices architecture ",Web development
45, Sophie Nguyen ,54,Mathematics,phd,Online,"ADHD, Dyslexia",,sophie.nguyen.@exemple.com," Lecturer teaching set theory, logic, proof techniques and formal reasoning ",Basic Mathematics
46, Tuan Hoang ,49,Physics,graduate,Online,"ADHD, Dyslexia",,tuan.hoang.@exemple.com," Engineer studying quantum circuits, qubits, gate operations ",Quantum Physics
47, Ugo Martin ,59,Finance,graduate,Both,Autism,"Vietnam, HCMC, HCMUT (Di An)",ugo.martin.@exemple.com," Financial analyst applying discounted cash flow, bond pricing, interest rate models ",Market finance
48, Vincent Le ,52,Computer Science,graduate,Both,,"France, Paris, 15e",vincent.le.@exemple.com," Specialist in NoSQL databases, Cassandra, distributed storage systems ",Data Engineering
49, Wendy Pham ,33,Computer Science,undergraduate,Offline,"ADHD, Dyslexia","Vietnam, HCMC, District 10",wendy.pham.@exemple.com," Student working on clustering algorithms, k-means, dimensionality reduction ",Artificial Intelligence
50, Xavier Dubois ,45,Computer Science,graduate,Online,"ADHD, Dyslexia",,xavier.dubois.@exemple.com," Developer building APIs with Flask, Docker, CI/CD pipelines ",Web development
51, Alice Moreau ,55,Humanities,undergraduate,Online,Autism,,alice.moreau.@exemple.com," Agrégé specializing in Structuralism, intertextuality, narratology with strong focus on essay methodology and critical analysis of texts ",Comparative Literature
52, Bruno Garcia ,60,Humanities,undergraduate,Online,"ADHD, Dyslexia",,bruno.garcia.@exemple.com," Philosopher trained in Kantism, phenomenology, epistemology guiding students through dissertation structure and argumentation clarity ",Philosophy
53, Clara Nguyen ,50,Geopolitics,undergraduate,Offline,Dyslexia,"Vietnam, HCMC, District 7",clara.nguyen.@exemple.com," Tutor analyzing geopolitical stakes, cartography, territorial conflicts with emphasis on structured essays and critical reasoning ",Geopolitics
54, Daniel Smith ,45,Humanities,undergraduate,Offline,Dyslexia,"Vietnam, HCMC, Binh Thanh District",daniel.smith.@exemple.com," Translator focused on linguistic fluency, syntax, discourse markers while تدريب essay writing and critical reading strategies ",English (TOEIC/IELTS)
55, Elena Ruiz ,42,Humanities,undergraduate,Both,Dyslexia,"Vietnam, HCMC, District 7",elena.ruiz.@exemple.com," Certified translator teaching subjunctive mood, verb conjugation, linguistic fluency with analytical essay techniques ",Spanish
56, Felix Dubois ,65,Law,graduate,Both,"ADHD, Dyslexia","Vietnam, HCMC, Binh Thanh District",felix.dubois.@exemple.com," Legal expert covering civil code, legal reasoning, case law analysis with structured dissertation methodology ",Civil Law
57, Gabrielle Laurent ,54,Humanities,phd,Offline,Autism,"Vietnam, HCMC, Thu Duc City",gabrielle.laurent.@exemple.com," Researcher working on post-structuralism, hermeneutics, literary theory emphasizing critical commentary and essay frameworks ",Comparative Literature
58, Hugo Fernandez ,58,Humanities,undergraduate,Online,Autism,,hugo.fernandez.@exemple.com," Academic specializing in Kantism, metaphysics, ethics focusing on logical structuring of philosophical dissertations ",Philosophy
59, Ines Petit ,49,Geopolitics,graduate,Online,Autism,,ines.petit.@exemple.com," Analyst studying geopolitical stakes, international relations, geostrategy teaching synthesis and structured argumentation ",Geopolitics
60, James Brown ,46,Humanities,undergraduate,Online,"ADHD, Dyslexia",,james.brown.@exemple.com," Language coach using phonetics, lexical fields, linguistic fluency to enhance essay coherence and critical reading ",English (TOEIC/IELTS)
61, Karla Lopez ,40,Humanities,undergraduate,Online,"ADHD, Dyslexia",,karla.lopez.@exemple.com," Tutor experienced in syntax analysis, semantics, linguistic fluency with structured writing and textual commentary ",Spanish
62, Louis Martin ,67,Law,undergraduate,Both,Autism,"Vietnam, HCMC, District 10",louis.martin.@exemple.com," Lawyer teaching civil code, contract law, jurisprudence focusing on case analysis and dissertation rigor ",Civil Law
63, Marie Bernard ,56,Humanities,undergraduate,Offline,Autism,"Vietnam, HCMC, District 1",marie.bernard.@exemple.com," Agrégé exploring Structuralism, semiotics, comparative analysis guiding students in dissertation methodology ",Comparative Literature
64, Nicolas Perez ,57,Humanities,graduate,Both,,"Vietnam, HCMC, District 10",nicolas.perez.@exemple.com," Specialist in Kantism, dialectics, ontology helping structure arguments and critical essays ",Philosophy
65, Olivia Tran ,38,Geopolitics,undergraduate,Offline,,"Vietnam, HCMC, HCMUT (Ly Thuong Kiet)",olivia.tran.@exemple.com," Student tutor covering geopolitical stakes, spatial analysis, globalization with emphasis on essay planning ",Geopolitics
66, Paul Johnson ,48,Humanities,undergraduate,Offline,,"Vietnam, HCMC, HCMUT (Ly Thuong Kiet)",paul.johnson.@exemple.com," Examiner focusing on grammar structures, linguistic fluency, cohesion markers for essay writing improvement ",English (TOEIC/IELTS)
67, क्व Ana Morales ,41,Humanities,undergraduate,Online,"ADHD, Dyslexia",,क्व.ana.morales.@exemple.com," Translator working on verb tenses, idiomatic expressions, linguistic fluency with analytical writing practice ",Spanish
68, Quentin Leroy ,64,Law,undergraduate,Online,Dyslexia,,quentin.leroy.@exemple.com," Legal scholar teaching civil code, liability law, legal drafting emphasizing structured dissertations ",Civil Law
69, Rachel Cohen ,52,Humanities,phd,Offline,"ADHD, Dyslexia","Vietnam, HCMC, District 10",rachel.cohen.@exemple.com," PhD candidate studying intertextuality, narratology, Structuralism focusing on critical essays and methodology ",Comparative Literature
70, Samuel Dupont ,55,Humanities,undergraduate,Online,"ADHD, Dyslexia",,samuel.dupont.@exemple.com," Tutor in Kantism, ethics, phenomenology developing rigorous argumentation and structured dissertations ",Philosophy
71, Thao Pham ,47,Geopolitics,graduate,Offline,,"Vietnam, HCMC, Binh Thanh District",thao.pham.@exemple.com," Analyst explaining geopolitical stakes, borders, power dynamics with strong essay methodology ",Geopolitics
72, Umar Khan ,44,Humanities,undergraduate,Offline,,"Vietnam, HCMC, District 10",umar.khan.@exemple.com," Coach focusing on linguistic fluency, vocabulary acquisition, discourse analysis for structured essays ",English (TOEIC/IELTS)
73, Valeria Santos ,43,Humanities,graduate,Offline,,"Vietnam, HCMC, District 3",valeria.santos.@exemple.com," Specialist in grammar rules, syntax, linguistic fluency guiding essay writing and text analysis ",Spanish
74, William Girard ,66,Law,undergraduate,Offline,,"France, Paris, 15e",william.girard.@exemple.com," Practitioner covering civil code, family law, obligations with focus on legal reasoning and dissertations ",Civil Law
75, Xenia Petrova ,53,Humanities,phd,Offline,"ADHD, Dyslexia","Vietnam, HCMC, District 3",xenia.petrova.@exemple.com," Researcher in literary criticism, Structuralism, semiotics guiding analytical essays and methodology ",Comparative Literature
76, يوسف Haddad ,59,Humanities,undergraduate,Online,Autism,,يوسف.haddad.@exemple.com," Academic working on Kantism, logic, epistemology teaching structured argumentation and critique ",Philosophy
77, Yasmine Benali ,46,Geopolitics,undergraduate,Both,Autism,"Vietnam, HCMC, Thu Duc City",yasmine.benali.@exemple.com," Tutor exploring geopolitical stakes, regional conflicts, geoeconomics with essay structuring skills ",Geopolitics
78, Zachary Lee ,45,Humanities,undergraduate,Offline,Dyslexia,"Vietnam, HCMC, HCMUT (Ly Thuong Kiet)",zachary.lee.@exemple.com," Instructor using syntax, phonology, linguistic fluency to improve essays and comprehension ",English (TOEIC/IELTS)
79, Anaïs Dubois ,42,Humanities,undergraduate,Both,,"Vietnam, HCMC, HCMUT (Ly Thuong Kiet)",anaïs.dubois.@exemple.com," Teacher focusing on verb systems, semantics, linguistic fluency and structured written expression ",Spanish
80, Benoit Caron ,63,Law,undergraduate,Both,"ADHD, Dyslexia","Vietnam, HCMC, District 10",benoit.caron.@exemple.com," Legal tutor explaining civil code, property law, case analysis with dissertation techniques ",Civil Law
81, Camille Rousseau ,57,Humanities,undergraduate,Offline,Dyslexia,"Vietnam, HCMC, HCMUT (Di An)",camille.rousseau.@exemple.com," Agrégé working on Structuralism, intertextuality, narratology guiding dissertation writing ",Comparative Literature
82, Diego Alvarez ,58,Humanities,graduate,Online,,,diego.alvarez.@exemple.com," Specialist in Kantism, ethics, metaphysics emphasizing logical essays and argument clarity ",Philosophy
83, Emma Nguyen ,37,Geopolitics,undergraduate,Online,,,emma.nguyen.@exemple.com," Student explaining geopolitical stakes, cartographic tools, globalization with structured essays ",Geopolitics
84, Farah Ali ,44,Humanities,undergraduate,Online,Autism,,farah.ali.@exemple.com," Trainer using linguistic fluency, grammar accuracy, cohesion techniques for essays ",English (TOEIC/IELTS)
85, Gabriela Torres ,41,Humanities,undergraduate,Both,Dyslexia,"Vietnam, HCMC, District 3",gabriela.torres.@exemple.com," Translator teaching morphology, syntax, linguistic fluency with essay structuring ",Spanish
86, Henri Blanc ,65,Law,graduate,Online,"ADHD, Dyslexia",,henri.blanc.@exemple.com," Expert in civil code, contract law, jurisprudence focusing on structured legal analysis ",Civil Law
87, Irene Adler ,54,Humanities,undergraduate,Both,Autism,"Vietnam, HCMC, HCMUT (Ly Thuong Kiet)",irene.adler.@exemple.com," Scholar in Structuralism, literary theory, hermeneutics guiding critical essay methods ",Comparative Literature
88, Julien Morel ,56,Humanities,undergraduate,Online,Dyslexia,,julien.morel.@exemple.com," Tutor specializing in Kantism, dialectics, ontology emphasizing dissertation rigor ",Philosophy
89, Karim Essaid ,48,Geopolitics,graduate,Online,Autism,,karim.essaid.@exemple.com," Analyst studying geopolitical stakes, power relations, geostrategy teaching structured reasoning ",Geopolitics
90, Laura Smith ,45,Humanities,undergraduate,Offline,Dyslexia,"Vietnam, HCMC, Thu Duc City",laura.smith.@exemple.com," Coach focusing on linguistic fluency, lexical range, syntax for essay excellence ",English (TOEIC/IELTS)
91, Marta Lopez ,42,Humanities,undergraduate,Online,,,marta.lopez.@exemple.com," Teacher covering conjugation, semantics, linguistic fluency with analytical writing practice ",Spanish
92, Nicolas Faure ,67,Law,undergraduate,Both,Autism,"Vietnam, HCMC, HCMUT (Di An)",nicolas.faure.@exemple.com," Lawyer explaining civil code, obligations, liability with structured dissertation techniques ",Civil Law
93, Oscar Wilde Jr ,55,Humanities,graduate,Offline,Autism,"Vietnam, HCMC, District 1",oscar.wilde.jr.@exemple.com," Specialist in narratology, Structuralism, literary criticism guiding essay construction ",Comparative Literature
94, Pauline Girard ,57,Humanities,undergraduate,Both,Dyslexia,"Vietnam, HCMC, District 10",pauline.girard.@exemple.com," Academic in Kantism, phenomenology, ethics helping build structured arguments ",Philosophy
95, Quang Le ,47,Geopolitics,undergraduate,Online,,,quang.le.@exemple.com," Tutor analyzing geopolitical stakes, territorial disputes, globalization with essay focus ",Geopolitics
96, Robert King ,46,Humanities,undergraduate,Offline,Dyslexia,"Vietnam, HCMC, District 1",robert.king.@exemple.com," Instructor using discourse analysis, linguistic fluency, syntax for structured essays ",English (TOEIC/IELTS)
97, Sofia Ramirez ,43,Humanities,graduate,Offline,"ADHD, Dyslexia","Japan, Tokyo, Shibuya",sofia.ramirez.@exemple.com," Specialist in verb tenses, grammar systems, linguistic fluency guiding essays ",Spanish
98, Thomas Leroy ,64,Law,undergraduate,Offline,Autism,"Vietnam, HCMC, HCMUT (Ly Thuong Kiet)",thomas.leroy.@exemple.com," Legal tutor teaching civil code, case law, legal writing with structured analysis ",Civil Law
99, Ursula Klein ,53,Humanities,phd,Online,Dyslexia,,ursula.klein.@exemple.com," Researcher in Structuralism, semiotics, intertextuality guiding dissertation writing ",Comparative Literature
100, Victor Hugo II ,60,Humanities,graduate,Online,"ADHD, Dyslexia",,victor.hugo.ii.@exemple.com," Expert in Kantism, metaphysics, epistemology emphasizing critical essays and reasoning ",Philosophy
101, Alice Martin ,35,Humanities,highschool,Online,,,alice.martin.@exemple.com," Certified teacher focusing on grammar fundamentals, spelling rules, text analysis with strong Brevet preparation methodology ",English
102, Hugo Bernard ,28,Mathematics,undergraduate,Online,Dyslexia,,hugo.bernard.@exemple.com," Student tutor guiding basic algebra, fractions, problem-solving with structured methodology and self-confidence building ",Basic Mathematics
103, Clara Nguyen ,30,Biology,highschool,Offline,Autism,"Vietnam, HCMC, Thu Duc City",clara.nguyen.@exemple.com," Pedagogical student explaining cell biology, ecosystems, genetics while supporting Brevet preparation and methodology ",Biology
104, Lucas Moreau ,27,All,undergraduate,Both,"ADHD, Dyslexia","Vietnam, HCMC, District 7",lucas.moreau.@exemple.com," Support tutor working on methodology, organization skills, self-confidence and learning disabilities Dys adaptation ",Homework Help
105, Emma Petit ,36,Humanities,highschool,Online,,,emma.petit.@exemple.com," Professor covering grammar fundamentals, conjugation, text comprehension with structured Brevet preparation ",English
106, Nathan Dubois ,29,Mathematics,undergraduate,Offline,"ADHD, Dyslexia","France, Paris, 15e",nathan.dubois.@exemple.com," Tutor teaching basic algebra, geometry basics, arithmetic reasoning with focus on methodology ",Basic Mathematics
107, Ines Leroy ,28,Biology,highschool,Offline,,"Vietnam, HCMC, Thu Duc City",ines.leroy.@exemple.com," Student explaining human biology, geology, ecology using clear methodology and Brevet preparation tools ",Biology
108, Paul Girard ,26,All,undergraduate,Online,"ADHD, Dyslexia",,paul.girard.@exemple.com," Mentor improving methodology, organization, self-confidence while adapting to learning disabilities Dys ",Homework Help
109, Sarah Pham ,32,Humanities,highschool,Both,Autism,"Vietnam, HCMC, District 10",sarah.pham.@exemple.com," Tutor working on grammar fundamentals, syntax, reading comprehension with encouraging Brevet preparation ",English
110, Leo Garcia ,27,Mathematics,undergraduate,Online,"ADHD, Dyslexia",,leo.garcia.@exemple.com," Student specializing in basic algebra, equations, logical reasoning with confidence-building approach ",Basic Mathematics
111, Jade Rousseau ,30,Biology,highschool,Both,,"Vietnam, HCMC, District 1",jade.rousseau.@exemple.com," Tutor covering plant biology, evolution, ecosystems with structured methodology and Brevet preparation ",Biology
112, Tom Nguyen ,29,All,highschool,Offline,Dyslexia,"Vietnam, HCMC, HCMUT (Ly Thuong Kiet)",tom.nguyen.@exemple.com," Support teacher focusing on methodology, time management, self-confidence for Brevet preparation ",Homework Help
113, Camille Laurent ,37,Humanities,highschool,Offline,,"Vietnam, HCMC, HCMUT (Di An)",camille.laurent.@exemple.com," Certified educator teaching grammar fundamentals, orthography, essay structure with Brevet preparation ",English
114, Maxime Petit ,28,Mathematics,undergraduate,Online,"ADHD, Dyslexia",,maxime.petit.@exemple.com," Tutor explaining basic algebra, fractions, proportionality using structured methodology ",Basic Mathematics
115, Lina Tran ,27,Biology,highschool,Both,"ADHD, Dyslexia","Vietnam, HCMC, District 10",lina.tran.@exemple.com," Student tutor covering genetics, physiology, environment with Brevet preparation strategies ",Biology
116, Antoine Dupont ,30,All,undergraduate,Offline,,"Vietnam, HCMC, HCMUT (Ly Thuong Kiet)",antoine.dupont.@exemple.com," Academic coach improving methodology, organization, self-confidence with Dys-friendly strategies ",Homework Help
117, Chloe Bernard ,33,Humanities,highschool,Offline,,"Vietnam, HCMC, Thu Duc City",chloe.bernard.@exemple.com," Tutor focusing on grammar fundamentals, conjugation, reading skills with Brevet preparation ",English
118, Ethan Morel ,26,Mathematics,undergraduate,Offline,Dyslexia,"USA, New York, Manhattan ",ethan.morel.@exemple.com," Student teaching basic algebra, geometry, arithmetic with emphasis on methodology ",Basic Mathematics
119, Julie Nguyen ,29,Biology,highschool,Offline,Dyslexia,"Vietnam, HCMC, Binh Thanh District",julie.nguyen.@exemple.com," Pedagogical tutor explaining ecosystems, biology, earth sciences with Brevet preparation ",Biology
120, Lucas Faure ,27,All,undergraduate,Online,Autism,,lucas.faure.@exemple.com," Mentor guiding methodology, homework planning, self-confidence and Dys adaptation ",Homework Help
121, Manon Girard ,34,Humanities,highschool,Both,"ADHD, Dyslexia","Vietnam, HCMC, District 1",manon.girard.@exemple.com," Teacher working on grammar fundamentals, syntax, text analysis with structured methodology ",English
122, Theo Martin ,28,Mathematics,undergraduate,Online,Dyslexia,,theo.martin.@exemple.com," Tutor explaining equations, basic algebra, logical reasoning with confidence support ",Basic Mathematics
123, Eva Laurent ,27,Biology,highschool,Online,,,eva.laurent.@exemple.com," Student covering human biology, ecology, geology using Brevet preparation methodology ",Biology
124, Hugo Leroy ,26,All,undergraduate,Online,"ADHD, Dyslexia",,hugo.leroy.@exemple.com," Academic support focusing on methodology, organization, self-confidence for students ",Homework Help
125, Lea Dubois ,35,Humanities,highschool,Both,Autism,"Vietnam, HCMC, District 7",lea.dubois.@exemple.com," Certified tutor teaching grammar fundamentals, orthography, reading comprehension with Brevet preparation ",English
126, Noah Petit ,27,Mathematics,undergraduate,Offline,,"Vietnam, HCMC, District 3",noah.petit.@exemple.com," Tutor working on fractions, basic algebra, arithmetic problem-solving with methodology ",Basic Mathematics
127, Clara Rousseau ,28,Biology,highschool,Offline,,"Vietnam, HCMC, Thu Duc City",clara.rousseau.@exemple.com," Student explaining genetics, ecosystems, physiology with structured Brevet preparation ",Biology
128, Adam Nguyen ,29,All,undergraduate,Both,Dyslexia,"Vietnam, HCMC, Binh Thanh District",adam.nguyen.@exemple.com," Coach improving methodology, organization, self-confidence with Dys-friendly tools ",Homework Help
129, Juliette Bernard ,33,Humanities,highschool,Both,,"Vietnam, HCMC, Thu Duc City",juliette.bernard.@exemple.com," Tutor focusing on grammar fundamentals, writing skills, text analysis with methodology ",English
130, Louis Moreau ,26,Mathematics,undergraduate,Offline,,"USA, New York, Manhattan ",louis.moreau.@exemple.com," Student explaining geometry basics, equations, basic algebra with clear methodology ",Basic Mathematics
131, Zoe Girard ,29,Biology,highschool,Both,Autism,"Vietnam, HCMC, District 3",zoe.girard.@exemple.com," Tutor covering biology, earth sciences, ecology with Brevet preparation strategies ",Biology
132, Paul Laurent ,28,All,undergraduate,Both,Autism,"Vietnam, HCMC, HCMUT (Di An)",paul.laurent.@exemple.com," Academic mentor focusing on methodology, planning, self-confidence development ",Homework Help
133, Emma Dubois ,36,Humanities,undergraduate,Both,"ADHD, Dyslexia","Vietnam, HCMC, District 7",emma.dubois.@exemple.com," Teacher specializing in grammar fundamentals, conjugation, reading comprehension ",English
134, Nathan Petit ,27,Mathematics,undergraduate,Both,Dyslexia,"Vietnam, HCMC, HCMUT (Ly Thuong Kiet)",nathan.petit.@exemple.com," Tutor teaching arithmetic, basic algebra, logical reasoning with structured methodology ",Basic Mathematics
135, Lina Bernard ,28,Biology,undergraduate,Both,Autism,"Vietnam, HCMC, HCMUT (Di An)",lina.bernard.@exemple.com," Student explaining human biology, ecosystems, genetics with Brevet preparation ",Biology
136, Hugo Nguyen ,27,All,undergraduate,Online,,,hugo.nguyen.@exemple.com," Mentor working on methodology, organization, self-confidence and Dys adaptation ",Homework Help
137, Clara Martin ,34,Humanities,undergraduate,Offline,,"Vietnam, HCMC, District 1",clara.martin.@exemple.com," Tutor focusing on grammar fundamentals, syntax, writing skills with Brevet preparation ",English
138, Leo Dubois ,26,Mathematics,undergraduate,Both,Dyslexia,"USA, New York, Manhattan ",leo.dubois.@exemple.com," Student explaining fractions, equations, basic algebra with confidence support ",Basic Mathematics
139, Jade Laurent ,29,Biology,undergraduate,Online,,,jade.laurent.@exemple.com," Tutor covering ecology, geology, physiology with structured methodology ",Biology
140, Tom Rousseau ,28,All,undergraduate,Online,"ADHD, Dyslexia",,tom.rousseau.@exemple.com," Academic support focusing on methodology, planning, self-confidence building ",Homework Help
141, Camille Nguyen ,37,Humanities,undergraduate,Offline,Dyslexia,"Vietnam, HCMC, District 7",camille.nguyen.@exemple.com," Certified teacher working on grammar fundamentals, orthography, text analysis ",English
142, Maxime Bernard ,27,Mathematics,undergraduate,Both,,"Vietnam, HCMC, District 10",maxime.bernard.@exemple.com," Tutor teaching geometry basics, arithmetic, equations with methodology ",Basic Mathematics
143, Ines Moreau ,28,Biology,undergraduate,Online,"ADHD, Dyslexia",,ines.moreau.@exemple.com," Student explaining biology, ecosystems, genetics with Brevet preparation tools ",Biology
144, Paul Petit ,27,All,undergraduate,Online,,,paul.petit.@exemple.com," Mentor improving methodology, organization, self-confidence with Dys strategies ",Homework Help
145, Sarah Laurent ,33,Humanities,undergraduate,Offline,,"Vietnam, HCMC, District 10",sarah.laurent.@exemple.com," Tutor focusing on grammar fundamentals, reading comprehension, writing skills ",English
146, Lucas Nguyen ,26,Mathematics,undergraduate,Offline,Autism,"Vietnam, HCMC, District 3",lucas.nguyen.@exemple.com," Student teaching basic algebra, fractions, problem-solving with methodology ",Basic Mathematics
147, Chloe Dubois ,29,Biology,undergraduate,Both,Dyslexia,"Vietnam, HCMC, District 7",chloe.dubois.@exemple.com," Tutor covering human biology, ecology, earth sciences with Brevet preparation ",Biology
148, Antoine Bernard ,28,All,undergraduate,Both,"ADHD, Dyslexia","France, Paris, 15e",antoine.bernard.@exemple.com," Academic coach focusing on methodology, planning, self-confidence ",Homework Help
149, Julie Martin ,35,Humanities,undergraduate,Offline,Autism,"Vietnam, HCMC, District 7",julie.martin.@exemple.com," Teacher specializing in grammar fundamentals, syntax, text analysis with Brevet preparation ",English
150, Theo Rousseau ,27,Mathematics,undergraduate,Both,,"Vietnam, HCMC, HCMUT (Di An)",theo.rousseau.@exemple.com," Tutor explaining arithmetic, equations, basic algebra with structured methodology ",Basic Mathematics
151, Alice Carter ,75,Finance,undergraduate,Online,"ADHD, Dyslexia",,alice.carter.@exemple.com," Consultant delivering valuation models with Black-Scholes, arbitrage strategies, discounted cash flow while driving measurable ROI in corporate finance projects ",Corporate Finance
152, Brian Lopez ,65,Business,graduate,Both,,"Vietnam, HCMC, HCMUT (Di An)",brian.lopez.@exemple.com," SEO expert optimizing SEO algorithms, keyword clustering, Google Ads campaigns resulting in strong traffic growth and conversion improvements ",Digital Marketing (SEO/ADS)
153, Clara Nguyen ,80,Computer Science,graduate,Both,,"Japan, Tokyo, Shibuya",clara.nguyen.@exemple.com," Security analyst conducting penetration testing, vulnerability assessment, network security audits with proven risk reduction outcomes ",Cybersecurity
154, David Martin ,70,Business,graduate,Offline,"ADHD, Dyslexia","Vietnam, HCMC, District 10",david.martin.@exemple.com," Scrum master leading Agile frameworks, sprint planning, backlog prioritization to deliver projects on time and within scope ",Project Management (Agile)
155, Emma Dubois ,68,Business,graduate,Online,Autism,,emma.dubois.@exemple.com," Accountant applying double-entry bookkeeping, financial reporting, balance sheet reconciliation with improved financial accuracy ",Accounting
156, Felix Brown ,78,Finance,graduate,Online,Autism,,felix.brown.@exemple.com," Financial consultant using Monte Carlo simulation, Black-Scholes, portfolio optimization delivering strategic investment insights ",Corporate Finance
157, Gabriela Ruiz ,64,Business,graduate,Offline,,"Vietnam, HCMC, Thu Duc City",gabriela.ruiz.@exemple.com," Specialist in SEO algorithms, PPC campaigns, conversion rate optimization achieving consistent lead generation growth ",Digital Marketing (SEO/ADS)
158, Henry Tran ,82,Computer Science,graduate,Both,Dyslexia,"Vietnam, HCMC, Thu Duc City",henry.tran.@exemple.com," Expert performing penetration testing, ethical hacking, intrusion detection with strong enterprise security improvements ",Cybersecurity
159, Ines Laurent ,72,Business,graduate,Online,Dyslexia,,ines.laurent.@exemple.com," Scrum master coordinating Agile teams, Kanban boards, sprint retrospectives ensuring efficient delivery cycles ",Project Management (Agile)
160, Jack Wilson ,69,Business,graduate,Online,Autism,,jack.wilson.@exemple.com," Consultant handling double-entry bookkeeping, tax accounting, financial audits delivering compliance and accuracy ",Accounting
161, Kim Pham ,77,Finance,graduate,Both,"ADHD, Dyslexia","Vietnam, HCMC, HCMUT (Ly Thuong Kiet)",kim.pham.@exemple.com," Advisor specializing in arbitrage, derivatives pricing, Black-Scholes improving portfolio performance ",Corporate Finance
162, Leo Garcia ,63,Business,graduate,Both,Autism,"Vietnam, HCMC, District 3",leo.garcia.@exemple.com," Digital strategist using SEO algorithms, backlink analysis, SEM campaigns increasing online visibility ",Digital Marketing (SEO/ADS)
163, Maria Santos ,81,Computer Science,undergraduate,Both,Autism,"Vietnam, HCMC, District 3",maria.santos.@exemple.com," Analyst working on penetration testing, firewall configuration, threat intelligence reducing cyber risks ",Cybersecurity
164, Nathan Petit ,71,Business,graduate,Online,Autism,,nathan.petit.@exemple.com," Scrum master managing Agile workflows, sprint planning, stakeholder communication delivering successful projects ",Project Management (Agile)
165, Olivia Chen ,67,Business,graduate,Offline,,"USA, New York, Manhattan ",olivia.chen.@exemple.com," Financial expert applying double-entry bookkeeping, ledger management, cash flow analysis improving reporting accuracy ",Accounting
166, Paul Girard ,76,Finance,graduate,Online,,,paul.girard.@exemple.com," Consultant using discounted cash flow, arbitrage strategies, financial modeling driving investment decisions ",Corporate Finance
167, Quentin Leroy ,65,Business,graduate,Offline,Autism,"Vietnam, HCMC, District 3",quentin.leroy.@exemple.com," SEO consultant optimizing SEO algorithms, keyword research, analytics dashboards achieving measurable growth ",Digital Marketing (SEO/ADS)
168, Rina Sato ,83,Computer Science,graduate,Offline,Autism,"Vietnam, HCMC, Binh Thanh District",rina.sato.@exemple.com," Specialist in penetration testing, malware analysis, endpoint security enhancing system resilience ",Cybersecurity
169, Sophie Martin ,70,Business,graduate,Online,,,sophie.martin.@exemple.com," Scrum master applying Agile methodology, backlog grooming, sprint delivery improving team productivity ",Project Management (Agile)
170, Thomas Nguyen ,68,Business,graduate,Online,Dyslexia,,thomas.nguyen.@exemple.com," Accountant skilled in double-entry bookkeeping, financial statements, auditing ensuring regulatory compliance ",Accounting
171, Ugo Bernard ,79,Finance,graduate,Online,,,ugo.bernard.@exemple.com," Financial engineer using Black-Scholes, hedging strategies, derivatives analysis optimizing returns ",Corporate Finance
172, Valeria Lopez ,66,Business,graduate,Online,Autism,,valeria.lopez.@exemple.com," Marketing expert leveraging SEO algorithms, PPC optimization, conversion tracking boosting ROI ",Digital Marketing (SEO/ADS)
173, William Hoang ,84,Computer Science,graduate,Online,"ADHD, Dyslexia",,william.hoang.@exemple.com," Security consultant performing penetration testing, risk assessment, encryption protocols strengthening defenses ",Cybersecurity
174, Xenia Petrova ,72,Business,graduate,Both,Dyslexia,"Vietnam, HCMC, District 7",xenia.petrova.@exemple.com," Scrum master coordinating Agile teams, sprint cycles, project delivery achieving business goals ",Project Management (Agile)
175, Yasmine Benali ,69,Business,graduate,Offline,"ADHD, Dyslexia","Vietnam, HCMC, District 3",yasmine.benali.@exemple.com," Expert in double-entry bookkeeping, cost accounting, financial planning improving business performance ",Accounting
176, Zachary Lim ,77,Finance,graduate,Both,"ADHD, Dyslexia","Vietnam, HCMC, District 3",zachary.lim.@exemple.com," Advisor applying arbitrage, Black-Scholes, portfolio management delivering strong financial outcomes ",Corporate Finance
177, Antoine Dubois ,64,Business,graduate,Both,"ADHD, Dyslexia","Vietnam, HCMC, District 3",antoine.dubois.@exemple.com," SEO specialist using SEO algorithms, content strategy, analytics tools increasing web traffic ",Digital Marketing (SEO/ADS)
178, Bao Tran ,80,Computer Science,graduate,Offline,Dyslexia,"Vietnam, HCMC, District 3",bao.tran.@exemple.com," Analyst focusing on penetration testing, network monitoring, vulnerability scanning reducing threats ",Cybersecurity
179, Camille Laurent ,71,Business,graduate,Offline,"ADHD, Dyslexia","Vietnam, HCMC, District 3",camille.laurent.@exemple.com," Scrum master using Agile frameworks, Kanban, sprint retrospectives improving delivery timelines ",Project Management (Agile)
180, Diego Alvarez ,67,Business,graduate,Offline,,"Vietnam, HCMC, HCMUT (Ly Thuong Kiet)",diego.alvarez.@exemple.com," Accountant applying double-entry bookkeeping, tax compliance, financial audits ensuring accuracy ",Accounting
181, Elise Morel ,78,Finance,graduate,Both,,"Vietnam, HCMC, Binh Thanh District",elise.morel.@exemple.com," Consultant using discounted cash flow, Black-Scholes, financial forecasting driving business strategy ",Corporate Finance
182, Farid Khan ,65,Business,graduate,Online,"ADHD, Dyslexia",,farid.khan.@exemple.com," Digital marketer leveraging SEO algorithms, SEM, keyword optimization delivering growth results ",Digital Marketing (SEO/ADS)
183, Guillaume Blanc ,82,Computer Science,undergraduate,Both,Autism,"Vietnam, HCMC, District 7",guillaume.blanc.@exemple.com," Expert in penetration testing, intrusion detection, cryptography enhancing system security ",Cybersecurity
184, Hanh Le ,70,Business,graduate,Online,"ADHD, Dyslexia",,hanh.le.@exemple.com," Scrum master leading Agile teams, backlog prioritization, sprint execution delivering consistent results ",Project Management (Agile)
185, Isabelle Laurent ,68,Business,graduate,Offline,,"Vietnam, HCMC, HCMUT (Di An)",isabelle.laurent.@exemple.com," Financial consultant using double-entry bookkeeping, reporting standards, reconciliation improving processes ",Accounting
186, Jason Tran ,79,Finance,graduate,Offline,"ADHD, Dyslexia","Vietnam, HCMC, Thu Duc City",jason.tran.@exemple.com," Specialist in arbitrage, derivatives pricing, portfolio optimization maximizing returns ",Corporate Finance
187, Karla Ruiz ,63,Business,graduate,Online,"ADHD, Dyslexia",,karla.ruiz.@exemple.com," SEO expert working with SEO algorithms, link building, conversion funnels increasing visibility ",Digital Marketing (SEO/ADS)
188, Louis Martin ,83,Computer Science,graduate,Both,Autism,"Vietnam, HCMC, HCMUT (Di An)",louis.martin.@exemple.com," Consultant performing penetration testing, firewall management, risk mitigation securing infrastructures ",Cybersecurity
189, Minh Pham ,72,Business,graduate,Online,Autism,,minh.pham.@exemple.com," Scrum master applying Agile principles, sprint planning, stakeholder alignment ensuring success ",Project Management (Agile)
190, Nicolas Faure ,67,Business,graduate,Both,Dyslexia,"Vietnam, HCMC, District 7",nicolas.faure.@exemple.com," Accountant skilled in double-entry bookkeeping, financial analysis, reporting compliance ",Accounting
191, Oscar Wilde Jr ,80,Finance,graduate,Online,Dyslexia,,oscar.wilde.jr.@exemple.com," Financial advisor using Black-Scholes, hedging, arbitrage strategies improving portfolio returns ",Corporate Finance
192, Pauline Girard ,66,Business,graduate,Online,Autism,,pauline.girard.@exemple.com," Specialist in SEO algorithms, PPC campaigns, analytics dashboards driving measurable growth ",Digital Marketing (SEO/ADS)
193, Quang Le ,84,Computer Science,graduate,Both,Autism,"Vietnam, HCMC, District 10",quang.le.@exemple.com," Security engineer performing penetration testing, vulnerability scanning, threat analysis improving resilience ",Cybersecurity
194, Robert King ,71,Business,graduate,Online,"ADHD, Dyslexia",,robert.king.@exemple.com," Scrum master coordinating Agile delivery, sprint reviews, backlog refinement ensuring efficiency ",Project Management (Agile)
195, Sofia Ramirez ,68,Business,graduate,Both,Autism,"France, Paris, 15e",sofia.ramirez.@exemple.com," Expert in double-entry bookkeeping, auditing, financial reporting delivering reliable results ",Accounting
196, Thomas Leroy ,77,Finance,graduate,Online,,,thomas.leroy.@exemple.com," Consultant using discounted cash flow, derivatives, arbitrage strategies supporting investment decisions ",Corporate Finance
197, Ursula Klein ,65,Business,graduate,Offline,Dyslexia,"Vietnam, HCMC, District 3",ursula.klein.@exemple.com," SEO consultant leveraging SEO algorithms, keyword strategy, analytics tools boosting conversions ",Digital Marketing (SEO/ADS)
198, Victor Hugo II ,85,Computer Science,graduate,Offline,Autism,"Vietnam, HCMC, HCMUT (Di An)",victor.hugo.ii.@exemple.com," Specialist in penetration testing, encryption, incident response strengthening enterprise security ",Cybersecurity
199, Wendy Pham ,70,Business,graduate,Offline,Dyslexia,"Vietnam, HCMC, Thu Duc City",wendy.pham.@exemple.com," Scrum master applying Agile workflows, sprint planning, team coordination delivering outcomes ",Project Management (Agile)
200, Xavier Dubois ,67,Business,graduate,Online,,,xavier.dubois.@exemple.com," Accountant working with double-entry bookkeeping, financial statements, compliance ensuring accuracy ",Accounting
